{
  "IsEncrypted": false,
  "Values": {
    "WEBSITE_SLOT_NAME": "Production",
    "FUNCTIONS_EXTENSION_VERSION": "~3",
    "ScmType": "None",
    "WEBSITE_AUTH_ENABLED": "False",
    "WEBSITE_CONTENTAZUREFILECONNECTIONSTRING": "DefaultEndpointsProtocol=https;AccountName=storageaccountintera35b;AccountKey=89GxF6dXWcSnWGw5mzI6m/xmYvhoCkTcaQatkf7W+uq+jiOnZB/suJs/7RTBvVqcihtr9X70+Dv2EnvQkyjrIA==;EndpointSuffix=core.windows.net",
    "WEBSITE_CONTENTSHARE": "testfunapp1234a145",
    "FUNCTIONS_WORKER_RUNTIME": "dotnet",
    "WEBSITE_SITE_NAME": "testfunapp1234",
    "AzureWebJobsStorage": "DefaultEndpointsProtocol=https;AccountName=storageaccountintera35b;AccountKey=89GxF6dXWcSnWGw5mzI6m/xmYvhoCkTcaQatkf7W+uq+jiOnZB/suJs/7RTBvVqcihtr9X70+Dv2EnvQkyjrIA==;EndpointSuffix=core.windows.net"
  }
}